City_ID,City,Country,Date,Lat,Lng,Max Temp,Humidity,Cloudiness,Wind Speed
0,Lompoc,US,2021-07-30 03:27:12,34.6391,-120.4579,65.88,86,90,8.05
1,Kruisfontein,ZA,2021-07-30 03:27:13,-34.0033,24.7314,48.88,78,5,5.53
2,Lima,PE,2021-07-30 03:24:45,-12.0432,-77.0282,59.25,88,90,10.36
3,Mataura,NZ,2021-07-30 03:27:13,-46.1927,168.8643,50.49,79,100,3.47
4,Port Blair,IN,2021-07-30 03:23:22,11.6667,92.75,84.36,79,88,17.34
5,Mantua,IT,2021-07-30 03:27:13,45.1667,10.7833,73.71,83,8,2.21
6,Bluff,NZ,2021-07-30 03:27:14,-46.6,168.3333,50.81,74,100,2.71
7,Rikitea,PF,2021-07-30 03:27:14,-23.1203,-134.9692,71.58,76,2,4.25
8,Hermanus,ZA,2021-07-30 03:27:14,-34.4187,19.2345,51.91,80,40,6.78
9,Sarai Naurang,PK,2021-07-30 03:27:15,32.8259,70.7814,91.65,57,4,3.36
10,Woodward,US,2021-07-30 03:27:15,36.4337,-99.3904,82.72,63,1,8.05
11,Tautira,PF,2021-07-30 03:27:15,-17.7333,-149.15,80.62,76,31,4.61
12,Ushuaia,AR,2021-07-30 03:25:01,-54.8,-68.3,40.66,56,0,8.05
13,Yorosso,ML,2021-07-30 03:27:16,12.3536,-4.7761,71.64,94,100,7.81
14,Busselton,AU,2021-07-30 03:27:16,-33.65,115.3333,53.1,68,95,24.32
15,Hobart,AU,2021-07-30 03:27:17,-42.8794,147.3294,60.66,49,75,8.01
16,Tabuk,PH,2021-07-30 03:27:17,17.4189,121.4443,83.01,75,100,2.71
17,Sorland,NO,2021-07-30 03:27:17,67.667,12.6934,50.49,86,55,24.65
18,Soltvadkert,HU,2021-07-30 03:27:18,46.5789,19.3939,66.81,53,0,3.74
19,Norman Wells,CA,2021-07-30 03:27:18,65.282,-126.8329,68.04,64,75,4.61
20,Qaanaaq,GL,2021-07-30 03:27:18,77.484,-69.3632,39.49,88,65,7.29
21,Port Elizabeth,ZA,2021-07-30 03:23:36,-33.918,25.5701,48.49,87,0,5.75
22,Cherskiy,RU,2021-07-30 03:27:19,68.75,161.3,37.96,65,100,20.74
23,Shimoda,JP,2021-07-30 03:27:19,34.6667,138.95,87.1,72,51,3.85
24,Longyearbyen,SJ,2021-07-30 03:27:19,78.2186,15.6401,42.64,81,75,4.61
25,Atuona,PF,2021-07-30 03:27:20,-9.8,-139.0333,77.41,80,99,11.81
26,Mar Del Plata,AR,2021-07-30 03:27:04,-38.0023,-57.5575,47.88,69,0,1.99
27,Carutapera,BR,2021-07-30 03:27:20,-1.195,-46.02,75.47,93,20,5.19
28,Varena,LT,2021-07-30 03:27:20,54.2167,24.5667,63.25,93,60,4.45
29,Cap Malheureux,MU,2021-07-30 03:27:21,-19.9842,57.6142,68.47,76,84,10.0
30,Anupgarh,IN,2021-07-30 03:27:21,29.1911,73.2086,92.71,53,0,10.76
31,Matagami,CA,2021-07-30 03:27:22,49.7502,-77.6328,46.51,76,90,17.27
32,Kudahuvadhoo,MV,2021-07-30 03:22:59,2.6708,72.8944,81.84,71,88,3.0
33,Souillac,MU,2021-07-30 03:27:22,-20.5167,57.5167,68.36,88,75,16.11
34,Upernavik,GL,2021-07-30 03:27:22,72.7868,-56.1549,44.85,87,99,4.76
35,Lebu,CL,2021-07-30 03:27:23,-37.6167,-73.65,48.51,84,0,6.26
36,Yellowknife,CA,2021-07-30 03:22:25,62.456,-114.3525,68.52,49,75,5.75
37,Ceres,US,2021-07-30 03:27:23,37.5949,-120.9577,97.38,35,1,10.36
38,Cape Town,ZA,2021-07-30 03:27:23,-33.9258,18.4232,52.12,93,0,1.01
39,Ponta Do Sol,PT,2021-07-30 03:27:24,32.6667,-17.1,70.72,78,9,6.08
40,Fairbanks,US,2021-07-30 03:27:24,64.8378,-147.7164,70.09,64,90,3.44
41,Punta Arenas,CL,2021-07-30 03:27:24,-53.15,-70.9167,37.51,81,75,21.85
42,Nishihara,JP,2021-07-30 03:27:25,26.1842,127.7558,87.08,82,40,6.91
43,Galle,LK,2021-07-30 03:27:25,6.0367,80.217,81.43,83,27,14.32
44,Kawambwa,ZM,2021-07-30 03:27:25,-9.7915,29.0791,53.69,50,1,7.56
45,Flinders,AU,2021-07-30 03:27:26,-34.5833,150.8552,67.17,42,0,5.01
46,Pisco,PE,2021-07-30 03:27:26,-13.7,-76.2167,62.65,82,90,2.3
47,Kapaa,US,2021-07-30 03:27:26,22.0752,-159.319,85.98,72,40,1.99
48,Albany,US,2021-07-30 03:27:27,42.6001,-73.9662,69.1,95,93,1.99
49,Rawson,AR,2021-07-30 03:27:27,-43.3002,-65.1023,53.85,39,30,14.2
50,Yauya,PE,2021-07-30 03:27:28,-8.9833,-77.3,47.46,83,51,3.96
51,Tuktoyaktuk,CA,2021-07-30 03:27:28,69.4541,-133.0374,59.0,88,75,6.91
52,San Luis,AR,2021-07-30 03:27:28,-33.295,-66.3356,44.2,31,0,9.53
53,Barrow,US,2021-07-30 03:27:28,71.2906,-156.7887,50.02,87,90,3.44
54,Severo-Kurilsk,RU,2021-07-30 03:27:29,50.6789,156.125,62.17,86,87,4.79
55,Puerto Ayora,EC,2021-07-30 03:27:29,-0.7393,-90.3518,70.83,91,26,6.35
56,Bengkulu,ID,2021-07-30 03:22:46,-3.8004,102.2655,84.07,67,29,6.62
57,Maicao,CO,2021-07-30 03:27:30,11.3832,-72.2432,80.78,77,67,11.54
58,Jamestown,US,2021-07-30 03:25:57,42.097,-79.2353,69.71,94,1,4.68
59,Zaltan,LY,2021-07-30 03:27:30,32.947,11.8665,79.27,46,0,7.31
60,Saint-Philippe,RE,2021-07-30 03:27:30,-21.3585,55.7679,69.39,84,95,15.79
61,Torbay,CA,2021-07-30 03:27:31,47.6666,-52.7314,58.68,86,1,14.97
62,Ibra,OM,2021-07-30 03:27:31,22.6906,58.5334,84.15,55,100,5.77
63,Conceicao Da Barra,BR,2021-07-30 03:27:31,-18.5933,-39.7322,67.96,70,100,13.04
64,Arya,PK,2021-07-30 03:27:32,33.6,73.0667,85.23,73,23,1.99
65,Nacala,MZ,2021-07-30 03:27:32,-14.5428,40.6728,66.65,81,42,9.35
66,Kamenka,RU,2021-07-30 03:27:32,51.3223,42.7678,70.66,72,27,5.59
67,Auki,SB,2021-07-30 03:27:33,-8.7676,160.7034,86.16,63,5,3.58
68,Port Alfred,ZA,2021-07-30 03:27:33,-33.5906,26.891,54.82,83,15,8.14
69,Merauke,ID,2021-07-30 03:27:33,-8.4667,140.3333,82.31,77,100,7.4
70,Cidreira,BR,2021-07-30 03:27:34,-30.1811,-50.2056,44.35,74,10,8.99
71,Guerrero Negro,MX,2021-07-30 03:27:34,27.9769,-114.0611,70.47,83,35,16.93
72,New Norfolk,AU,2021-07-30 03:27:34,-42.7826,147.0587,60.3,55,100,3.0
73,Kokomo,US,2021-07-30 03:27:35,40.4864,-86.1336,78.06,87,1,1.01
74,Armeria,MX,2021-07-30 03:27:35,18.9333,-103.9667,78.84,87,39,1.45
75,Bogande,BF,2021-07-30 03:27:35,12.9714,-0.1436,78.31,72,100,8.66
76,Oildale,US,2021-07-30 03:27:36,35.4197,-119.0195,98.62,24,20,4.61
77,Bredasdorp,ZA,2021-07-30 03:27:36,-34.5322,20.0403,47.52,87,13,5.75
78,Nikolskoye,RU,2021-07-30 03:27:36,59.7035,30.7861,65.39,85,55,6.44
79,Chokurdakh,RU,2021-07-30 03:27:37,70.6333,147.9167,53.19,40,81,4.03
80,Senneterre,CA,2021-07-30 03:27:37,48.3835,-77.2328,52.02,91,93,10.16
81,Coihaique,CL,2021-07-30 03:27:37,-45.5752,-72.0662,40.95,93,90,2.3
82,Kongoussi,BF,2021-07-30 03:27:38,13.3258,-1.5347,78.39,74,100,10.36
83,Provideniya,RU,2021-07-30 03:27:38,64.3833,-173.3,50.11,81,90,13.42
84,Les Cayes,HT,2021-07-30 03:27:38,18.2,-73.75,78.17,82,0,4.56
85,Lander,US,2021-07-30 03:27:39,42.833,-108.7307,74.21,55,1,10.36
86,Chuy,UY,2021-07-30 03:27:39,-33.6971,-53.4616,40.35,87,8,5.57
87,Ahipara,NZ,2021-07-30 03:27:39,-35.1667,173.1667,61.72,78,68,15.1
88,Hilo,US,2021-07-30 03:27:40,19.7297,-155.09,80.33,78,90,5.75
89,Sivaki,RU,2021-07-30 03:27:40,52.6333,126.75,65.01,72,91,9.89
90,Santa Cruz Del Norte,CU,2021-07-30 03:27:40,23.1539,-81.9236,79.54,75,17,15.1
91,Cacapava Do Sul,BR,2021-07-30 03:27:41,-30.5122,-53.4914,33.21,80,0,1.86
92,Yar-Sale,RU,2021-07-30 03:27:41,66.8333,70.8333,50.79,90,93,16.73
93,Maldonado,UY,2021-07-30 03:27:41,-34.6667,-54.9167,45.23,81,4,6.29
94,Hofn,IS,2021-07-30 03:27:41,64.2539,-15.2082,50.23,96,91,2.89
95,Nemuro,JP,2021-07-30 03:27:42,43.3236,145.575,81.03,95,88,10.22
96,Tsiroanomandidy,MG,2021-07-30 03:27:42,-18.7667,46.0333,55.31,86,2,1.5
97,Sao Jose Da Coroa Grande,BR,2021-07-30 03:27:42,-8.8978,-35.1478,73.81,86,57,4.88
98,Shingu,JP,2021-07-30 03:24:04,33.7333,135.9833,86.99,61,2,5.46
99,Siverek,TR,2021-07-30 03:27:43,37.755,39.3167,81.21,33,0,8.88
100,Doha,QA,2021-07-30 03:25:46,25.2867,51.5333,96.78,49,0,4.61
101,Agapovka,RU,2021-07-30 03:27:43,53.2973,59.1348,60.01,66,100,11.43
102,Kirakira,SB,2021-07-30 03:23:50,-10.4544,161.9205,83.1,78,24,7.83
103,Mahajanga,MG,2021-07-30 03:27:44,-15.7167,46.3167,73.42,64,40,6.91
104,Vaini,TO,2021-07-30 03:27:44,-21.2,-175.2,77.16,83,75,8.05
105,Lasa,IT,2021-07-30 03:27:44,46.6166,10.7002,64.02,94,8,2.26
106,Englehart,CA,2021-07-30 03:27:45,47.8169,-79.8664,52.36,93,90,12.66
107,Georgetown,MY,2021-07-30 03:27:45,5.4112,100.3354,84.88,75,20,3.44
108,San Patricio,US,2021-07-30 03:23:25,28.017,-97.5169,84.09,71,100,7.92
109,Hithadhoo,MV,2021-07-30 03:27:46,-0.6,73.0833,82.45,70,96,3.74
110,Winsum,NL,2021-07-30 03:27:46,53.33,6.5208,59.99,41,30,12.24
111,Namibe,AO,2021-07-30 03:27:46,-15.1961,12.1522,63.14,81,2,0.69
112,Taltal,CL,2021-07-30 03:27:46,-25.4,-70.4833,61.25,55,0,5.08
113,Codrington,AU,2021-07-30 03:23:17,-38.2667,141.9667,55.31,63,44,24.99
114,Sitka,US,2021-07-30 03:27:47,57.0531,-135.33,69.69,56,20,3.44
115,Barbastro,ES,2021-07-30 03:27:47,42.0356,0.1269,70.34,64,0,1.9
116,Fortuna,US,2021-07-30 03:27:47,40.5982,-124.1573,55.33,93,90,8.05
117,Olafsvik,IS,2021-07-30 03:23:15,64.8945,-23.7142,52.7,87,99,5.03
118,Sao Joao Da Barra,BR,2021-07-30 03:27:48,-21.6403,-41.0511,60.1,62,0,18.77
119,Dikson,RU,2021-07-30 03:27:48,73.5069,80.5464,41.27,96,100,13.8
120,Beloha,MG,2021-07-30 03:27:48,-25.1667,45.05,64.0,77,5,4.36
121,Marsabit,KE,2021-07-30 03:27:50,2.3284,37.9899,57.72,81,94,16.98
122,Rocha,UY,2021-07-30 03:27:50,-34.4833,-54.3333,38.97,84,6,4.54
123,Arraial Do Cabo,BR,2021-07-30 03:27:51,-22.9661,-42.0278,62.94,57,98,20.65
124,Dongsheng,CN,2021-07-30 03:27:52,39.8161,109.9776,84.87,19,0,8.7
125,Bereda,ES,2021-07-30 03:27:52,43.2686,-7.5406,59.0,100,12,1.97
126,Kodiak,US,2021-07-30 03:27:52,57.79,-152.4072,58.51,58,90,3.44
127,Castro,BR,2021-07-30 03:27:53,-24.7911,-50.0119,33.06,63,2,3.83
128,Bethel,US,2021-07-30 03:25:36,41.3712,-73.414,72.1,91,40,4.61
129,Carnarvon,AU,2021-07-30 03:27:53,-24.8667,113.6333,71.67,61,88,16.11
130,Roald,NO,2021-07-30 03:27:53,62.5833,6.1333,60.91,82,20,14.97
131,Toktogul,KG,2021-07-30 03:27:54,41.8708,72.9402,75.94,41,51,2.55
132,Lock Haven,US,2021-07-30 03:27:54,41.137,-77.4469,75.69,97,13,4.43
133,Prince Rupert,CA,2021-07-30 03:27:54,54.3161,-130.3201,66.29,82,1,5.75
134,Atar,MR,2021-07-30 03:27:55,20.5169,-13.0499,81.84,48,54,7.85
135,Farafangana,MG,2021-07-30 03:27:55,-22.8167,47.8333,68.11,76,96,3.94
136,Santiago De Cuba,CU,2021-07-30 03:27:55,20.0247,-75.8219,80.71,83,20,3.44
137,Governador Dix-Sept Rosado,BR,2021-07-30 03:27:56,-5.4577,-37.5209,74.82,79,39,11.05
138,Mangai,CD,2021-07-30 03:27:56,-4.05,19.5333,68.14,35,29,1.79
139,Eyl,SO,2021-07-30 03:27:56,7.9803,49.8164,77.49,68,100,18.99
140,Camaqua,BR,2021-07-30 03:27:57,-30.8511,-51.8122,38.64,77,6,4.21
141,Ossora,RU,2021-07-30 03:27:57,59.2353,163.0719,52.65,81,100,4.27
142,Khani,GE,2021-07-30 03:27:57,41.9563,42.9566,58.57,85,15,3.94
143,Iqaluit,CA,2021-07-30 03:27:58,63.7506,-68.5145,47.93,81,75,0.0
144,Butaritari,KI,2021-07-30 03:27:58,3.0707,172.7902,83.71,71,12,10.76
145,Kondinskoye,RU,2021-07-30 03:27:58,59.6481,67.41,52.07,70,42,5.97
146,San Onofre,CO,2021-07-30 03:27:59,9.7359,-75.5263,78.57,90,96,5.97
147,Thrissur,IN,2021-07-30 03:27:59,10.5167,76.2167,81.28,77,100,2.53
148,Kanashevo,RU,2021-07-30 03:27:59,55.2169,62.0634,68.56,55,100,12.06
149,Patuli,IN,2021-07-30 03:28:00,23.55,88.25,78.51,93,100,15.61
150,Kapit,MY,2021-07-30 03:28:01,2.0167,112.9333,89.19,60,76,2.1
151,Sisimiut,GL,2021-07-30 03:28:01,66.9395,-53.6735,48.38,77,82,2.95
152,Labytnangi,RU,2021-07-30 03:28:01,66.6572,66.4183,50.5,92,100,14.92
153,Kuusamo,FI,2021-07-30 03:28:01,65.9667,29.1833,50.04,93,90,9.22
154,Yenagoa,NG,2021-07-30 03:28:02,4.9247,6.2642,73.58,90,100,4.0
155,Baruun-Urt,MN,2021-07-30 03:28:02,46.6806,113.2792,77.13,49,0,6.31
156,Trebechovice Pod Orebem,CZ,2021-07-30 03:28:02,50.201,15.9922,63.36,99,57,2.46
157,Polunochnoye,RU,2021-07-30 03:28:03,60.8697,60.4153,51.55,66,81,3.31
158,Coquimbo,CL,2021-07-30 03:28:03,-29.9533,-71.3436,49.73,87,90,3.44
159,Waikuku,NZ,2021-07-30 03:28:03,-43.3,172.6833,59.58,70,40,9.35
160,Khatanga,RU,2021-07-30 03:28:04,71.9667,102.5,87.37,34,3,12.93
161,Bati,ET,2021-07-30 03:28:04,11.1833,40.0167,66.79,75,97,7.9
162,Makakilo City,US,2021-07-30 03:28:04,21.3469,-158.0858,86.32,56,20,10.36
163,Huarmey,PE,2021-07-30 03:28:05,-10.0681,-78.1522,64.96,85,56,7.63
164,Erie,US,2021-07-30 03:27:08,42.7667,-78.6664,69.22,89,12,4.03
165,Killybegs,IE,2021-07-30 03:28:05,54.6333,-8.45,55.45,90,100,7.27
166,Asmara,ER,2021-07-30 03:28:06,15.3333,38.9333,61.2,81,92,5.86
167,Junction City,US,2021-07-30 03:28:06,39.0286,-96.8314,87.66,64,1,1.99
168,Port Hawkesbury,CA,2021-07-30 03:28:06,45.6169,-61.3485,63.59,74,20,1.99
169,Kuala Pilah,MY,2021-07-30 03:28:06,2.7389,102.2487,81.43,65,98,3.78
170,Turayf,SA,2021-07-30 03:28:07,31.6725,38.6637,71.85,64,0,5.75
171,Waipawa,NZ,2021-07-30 03:28:07,-41.4122,175.5153,57.83,64,2,4.63
172,Vila,PT,2021-07-30 03:28:07,42.0304,-8.1588,52.93,90,0,2.33
173,Bria,CF,2021-07-30 03:28:08,6.5423,21.9863,67.12,96,81,1.74
174,Emerald,AU,2021-07-30 03:28:08,-23.5333,148.1667,77.14,31,0,8.05
175,Ancud,CL,2021-07-30 03:28:08,-41.8697,-73.8203,45.93,88,100,9.95
176,Geraldton,AU,2021-07-30 03:28:09,-28.7667,114.6,65.12,68,75,23.02
177,Danshui,CN,2021-07-30 03:28:09,22.7984,114.4672,85.66,71,91,3.24
178,Airai,TL,2021-07-30 03:28:09,-8.9266,125.4092,77.38,30,5,3.98
179,Impfondo,CG,2021-07-30 03:28:10,1.6381,18.0667,72.03,70,46,0.13
180,Morondava,MG,2021-07-30 03:28:10,-20.2833,44.2833,68.0,66,24,6.4
181,Takoradi,GH,2021-07-30 03:28:10,4.8845,-1.7554,74.95,90,20,8.25
182,Kahului,US,2021-07-30 03:28:11,20.8947,-156.47,82.42,81,40,25.32
183,Dwarka,IN,2021-07-30 03:28:11,22.2394,68.9678,82.85,82,99,24.29
184,Raudeberg,NO,2021-07-30 03:28:11,61.9875,5.1352,61.47,90,66,17.98
185,Kaitangata,NZ,2021-07-30 03:28:12,-46.2817,169.8464,54.93,80,94,9.13
186,Koygorodok,RU,2021-07-30 03:28:12,60.445,50.9968,59.11,99,100,3.22
187,Cayenne,GF,2021-07-30 03:28:12,4.9333,-52.3333,76.08,90,0,0.0
188,Hervey Bay,AU,2021-07-30 03:28:13,-25.2986,152.8535,71.71,60,23,12.57
189,Oranjestad,AW,2021-07-30 03:28:13,12.524,-70.027,82.35,78,20,21.85
190,Tuatapere,NZ,2021-07-30 03:28:13,-46.1333,167.6833,50.83,77,100,1.57
191,Boende,CD,2021-07-30 03:28:13,-0.2167,20.8667,72.59,55,66,1.03
192,Maiduguri,NG,2021-07-30 03:28:14,11.8464,13.1603,73.58,89,100,6.02
193,Urumqi,CN,2021-07-30 03:28:14,43.801,87.6005,81.55,30,0,2.24
194,Victoria,HK,2021-07-30 03:28:14,22.2855,114.1577,84.38,89,99,1.01
195,Yamada,JP,2021-07-30 03:28:15,39.4667,141.95,80.76,75,41,10.22
196,Ribeira Grande,PT,2021-07-30 03:28:15,38.5167,-28.7,70.43,87,9,6.64
197,Avarua,CK,2021-07-30 03:28:16,-21.2078,-159.775,75.25,69,39,3.44
198,Vardo,NO,2021-07-30 03:28:16,70.3705,31.1107,44.8,86,100,4.68
199,Asyut,EG,2021-07-30 03:28:16,27.181,31.1837,78.98,29,68,4.14
200,Karratha,AU,2021-07-30 03:28:17,-20.7377,116.8463,76.68,53,0,14.18
201,Novikovo,RU,2021-07-30 03:28:17,51.1537,37.8879,66.6,89,70,4.76
202,Khushab,PK,2021-07-30 03:28:17,32.2967,72.3525,89.01,66,35,11.14
203,Belmonte,BR,2021-07-30 03:28:18,-15.8631,-38.8828,70.3,88,89,17.25
204,Poum,NC,2021-07-30 03:28:18,-20.2333,164.0167,73.9,69,2,13.73
205,Berlevag,NO,2021-07-30 03:28:18,70.8578,29.0864,44.6,84,100,3.8
206,Oban,GB,2021-07-30 03:28:19,56.4127,-5.4706,55.85,91,67,3.51
207,Mahebourg,MU,2021-07-30 03:28:19,-20.4081,57.7,68.25,88,75,16.11
208,Yulara,AU,2021-07-30 03:28:19,-25.2406,130.9889,78.64,24,0,18.41
209,Richards Bay,ZA,2021-07-30 03:28:20,-28.783,32.0377,59.77,76,19,6.87
210,Norrtalje,SE,2021-07-30 03:28:20,59.758,18.705,60.84,94,25,5.73
211,Esperance,AU,2021-07-30 03:28:20,-33.8667,121.9,58.84,68,97,25.79
212,Zalantun,CN,2021-07-30 03:28:21,48.0,122.7167,79.99,73,8,5.66
213,Thompson,CA,2021-07-30 03:28:21,55.7435,-97.8558,68.16,64,75,3.44
214,Leningradskiy,RU,2021-07-30 03:28:21,69.3833,178.4167,32.7,98,100,19.75
215,Gonen,TR,2021-07-30 03:28:21,40.1049,27.654,75.16,51,0,2.68
216,Nuuk,GL,2021-07-30 03:28:22,64.1835,-51.7216,45.21,93,4,8.05
217,Lorengau,PG,2021-07-30 03:28:22,-2.0226,147.2712,85.39,68,31,5.1
218,Bileca,BA,2021-07-30 03:28:22,42.8719,18.4297,71.49,31,0,5.01
219,Pacific Grove,US,2021-07-30 03:24:12,36.6177,-121.9166,78.03,89,75,1.99
220,Celestun,MX,2021-07-30 03:28:23,20.8667,-90.4,82.53,74,24,16.71
221,Sal Rei,CV,2021-07-30 03:28:23,16.1833,-22.9167,75.76,78,88,11.21
222,Truckee,US,2021-07-30 03:28:23,39.328,-120.1833,76.77,51,1,4.61
223,Dunedin,NZ,2021-07-30 03:28:24,-45.8742,170.5036,48.79,83,75,18.99
224,Sotnikovo,RU,2021-07-30 03:28:24,51.8845,107.4791,62.69,77,75,8.95
225,Turukhansk,RU,2021-07-30 03:23:40,65.8167,87.9833,64.06,69,100,12.06
226,Vostok,RU,2021-07-30 03:28:25,46.4856,135.8833,73.13,81,100,2.37
227,Rochegda,RU,2021-07-30 03:28:25,62.8,43.25,56.91,97,99,0.83
228,Camacha,PT,2021-07-30 03:28:25,33.0833,-16.3333,67.42,68,20,9.22
229,Harrismith,ZA,2021-07-30 03:28:26,-28.2728,29.1295,36.99,94,30,1.57
230,Zakamensk,RU,2021-07-30 03:28:26,50.3741,103.2863,61.79,67,88,5.21
231,Kavaratti,IN,2021-07-30 03:28:26,10.5669,72.642,82.36,76,99,15.77
232,Puri,IN,2021-07-30 03:28:27,19.8,85.85,82.38,75,100,19.28
233,Bubaque,GW,2021-07-30 03:28:27,11.2833,-15.8333,78.33,85,100,13.87
234,San Andres Semetabaj,GT,2021-07-30 03:28:27,14.75,-91.1333,60.42,97,100,5.97
235,Haines Junction,CA,2021-07-30 03:28:27,60.7522,-137.5108,66.15,45,34,8.05
236,Sao Miguel Do Araguaia,BR,2021-07-30 03:28:28,-13.275,-50.1628,67.75,31,0,7.4
237,Portland,US,2021-07-30 03:25:50,45.5234,-122.6762,91.98,32,20,1.01
238,Tessalit,ML,2021-07-30 03:28:28,20.1986,1.0114,85.6,42,45,3.69
239,Ballina,AU,2021-07-30 03:28:28,-28.8667,153.5667,69.84,40,1,5.75
240,Verkhnevilyuysk,RU,2021-07-30 03:28:29,63.4453,120.3167,75.11,30,62,3.67
241,Gelibolu,TR,2021-07-30 03:28:29,40.4103,26.6708,67.86,58,0,7.0
242,Vila Velha,BR,2021-07-30 03:28:30,-20.3297,-40.2925,64.35,63,75,13.8
243,Sao Filipe,CV,2021-07-30 03:28:30,14.8961,-24.4956,74.89,79,52,6.17
244,Elizabeth City,US,2021-07-30 03:28:30,36.2946,-76.2511,84.25,88,1,4.0
245,Lovozero,RU,2021-07-30 03:28:30,68.005,35.0117,47.3,76,100,5.46
246,Two Hills,CA,2021-07-30 03:28:31,53.7169,-111.7518,73.89,60,4,4.61
247,Bambous Virieux,MU,2021-07-30 03:28:31,-20.3428,57.7575,68.22,88,75,16.11
248,Borogontsy,RU,2021-07-30 03:28:31,62.6683,131.1683,71.71,40,30,5.39
249,Alofi,NU,2021-07-30 03:28:32,-19.0595,-169.9187,76.89,78,75,9.22
250,Sinazongwe,ZM,2021-07-30 03:28:32,-17.2614,27.4618,59.02,62,56,7.31
251,Beringovskiy,RU,2021-07-30 03:28:32,63.05,179.3167,42.1,91,100,10.02
252,Puerto Colombia,CO,2021-07-30 03:28:33,10.9878,-74.9547,80.69,88,38,19.39
253,North Bend,US,2021-07-30 03:23:58,43.4065,-124.2243,62.85,97,90,12.66
254,Northam,GB,2021-07-30 03:28:33,51.0333,-4.2167,60.66,95,92,19.42
255,Gat,IL,2021-07-30 03:28:34,31.61,34.7642,77.4,81,0,5.26
256,Honningsvag,NO,2021-07-30 03:28:34,70.9821,25.9704,44.13,82,100,11.45
257,Lappeenranta,FI,2021-07-30 03:28:34,61.0587,28.1887,60.85,94,75,4.61
258,Virginia Beach,US,2021-07-30 03:28:35,36.8529,-75.978,84.25,77,75,11.5
259,Ust-Nera,RU,2021-07-30 03:28:35,64.5667,143.2,58.12,45,7,3.85
260,Sturgeon Falls,CA,2021-07-30 03:28:35,46.3646,-79.9326,58.96,87,57,16.04
261,Salalah,OM,2021-07-30 03:28:36,17.0151,54.0924,77.09,94,90,9.22
262,Alice Springs,AU,2021-07-30 03:28:36,-23.7,133.8833,87.35,13,0,26.46
263,Mae Sot,TH,2021-07-30 03:28:37,16.7167,98.5667,75.15,100,90,0.0
264,Hamilton,US,2021-07-30 03:28:37,39.1834,-84.5333,80.01,87,38,1.01
265,Quatre Cocos,MU,2021-07-30 03:28:37,-20.2078,57.7625,68.09,72,96,20.8
266,Opuwo,NA,2021-07-30 03:23:49,-18.0607,13.84,55.26,27,5,10.78
267,Muros,ES,2021-07-30 03:28:38,42.7762,-9.0603,63.99,87,80,3.38
268,Yukamenskoye,RU,2021-07-30 03:28:38,57.8865,52.2416,60.22,94,100,8.86
269,Churapcha,RU,2021-07-30 03:28:38,62.0025,132.4325,72.16,27,9,10.16
270,Asau,RO,2021-07-30 03:28:39,46.4333,26.4,64.4,95,0,3.49
271,Shahkot,IN,2021-07-30 03:28:39,31.0775,75.3372,77.76,94,95,5.93
272,Saint-Joseph,RE,2021-07-30 03:28:39,-21.3667,55.6167,68.38,82,59,15.7
273,Navirai,BR,2021-07-30 03:28:40,-23.065,-54.1906,38.93,60,46,4.25
274,Egvekinot,RU,2021-07-30 03:28:40,66.3167,-179.1667,34.79,97,100,3.47
275,Port Augusta,AU,2021-07-30 03:28:40,-32.5,137.7667,72.72,37,99,25.26
276,Alexandria,EG,2021-07-30 03:28:41,31.2156,29.9553,78.76,83,0,6.91
277,Thinadhoo,MV,2021-07-30 03:28:41,0.5333,72.9333,81.34,76,100,6.85
278,Netrakona,BD,2021-07-30 03:28:41,24.8833,90.7167,80.22,86,100,14.05
279,Moorhead,US,2021-07-30 03:28:42,46.8739,-96.7676,74.98,54,1,4.61
280,Tasiilaq,GL,2021-07-30 03:28:42,65.6145,-37.6368,44.76,74,35,4.88
281,Sawakin,SD,2021-07-30 03:28:42,19.1059,37.3321,90.48,52,65,4.76
282,Mbeya,TZ,2021-07-30 03:26:42,-8.9,33.45,50.07,89,28,7.02
283,Jawhar,SO,2021-07-30 03:28:43,2.7809,45.5005,71.74,83,100,10.92
284,Acapulco,MX,2021-07-30 03:28:43,16.8634,-99.8901,80.85,82,99,1.19
285,Hovd,MN,2021-07-30 03:28:43,48.0056,91.6419,69.22,36,94,5.3
286,Aklavik,CA,2021-07-30 03:28:44,68.2191,-135.0107,67.03,57,100,4.83
287,Carrick-On-Suir,IE,2021-07-30 03:28:44,52.3492,-7.4131,56.07,96,100,11.43
288,Saskylakh,RU,2021-07-30 03:28:44,71.9167,114.0833,85.03,36,14,5.84
289,Dalgopol,BG,2021-07-30 03:28:44,43.05,27.35,75.92,56,3,0.58
290,Dargaville,NZ,2021-07-30 03:28:45,-35.9333,173.8833,62.67,70,91,10.31
291,Abu Dhabi,AE,2021-07-30 03:28:45,24.4667,54.3667,91.51,79,98,4.61
292,Mocuba,MZ,2021-07-30 03:28:45,-16.8392,36.9856,58.59,96,36,1.59
293,Suntar,RU,2021-07-30 03:28:46,62.1444,117.6319,74.53,29,62,7.0
294,Itarema,BR,2021-07-30 03:28:46,-2.9248,-39.9167,76.78,89,50,8.46
295,Pahrump,US,2021-07-30 03:27:32,36.2083,-115.9839,87.44,37,74,15.17
296,Tarko-Sale,RU,2021-07-30 03:28:47,64.9225,77.785,55.31,58,3,13.71
297,Laguna,US,2021-07-30 03:28:47,38.421,-121.4238,99.45,34,1,3.0
298,San Rafael,AR,2021-07-30 03:28:47,-34.6177,-68.3301,47.35,36,0,9.6
299,Kismayo,SO,2021-07-30 03:28:48,-0.3582,42.5454,75.25,76,76,16.06
300,Puerto Escondido,MX,2021-07-30 03:28:48,15.85,-97.0667,76.03,78,90,6.91
301,Ureki,GE,2021-07-30 03:28:48,41.9956,41.7786,71.56,89,58,3.6
302,Genhe,CN,2021-07-30 03:28:48,50.7833,121.5167,78.73,46,7,4.07
303,Bam,IR,2021-07-30 03:28:49,29.106,58.357,85.75,16,77,8.68
304,Dudinka,RU,2021-07-30 03:28:49,69.4058,86.1778,56.59,93,100,7.65
305,Weligama,LK,2021-07-30 03:28:49,5.9667,80.4167,81.95,80,26,13.2
306,Mackay,AU,2021-07-30 03:28:50,-21.15,149.2,75.69,73,90,17.27
307,Manggar,ID,2021-07-30 03:28:50,-2.8833,108.2667,85.42,67,11,12.8
308,East London,ZA,2021-07-30 03:28:51,-33.0153,27.9116,52.74,76,0,8.05
309,Port Macquarie,AU,2021-07-30 03:28:51,-31.4333,152.9167,67.89,39,0,9.6
310,Ilulissat,GL,2021-07-30 03:28:51,69.2167,-51.1,44.62,81,80,0.0
311,Sayyan,YE,2021-07-30 03:28:51,15.1718,44.3244,63.91,62,65,2.26
312,Upata,VE,2021-07-30 03:28:52,8.0086,-62.3989,69.33,98,93,2.75
313,Dauphin,CA,2021-07-30 03:28:36,51.1494,-100.0502,71.74,60,40,6.91
314,Adeje,ES,2021-07-30 03:28:52,28.1227,-16.726,70.02,65,20,5.01
315,Chapais,CA,2021-07-30 03:28:52,49.7834,-74.8492,51.58,97,100,10.04
316,Dingle,PH,2021-07-30 03:28:53,10.9995,122.6711,89.17,62,44,13.56
317,Sanming,CN,2021-07-30 03:28:53,26.2486,117.6186,81.3,86,100,0.56
318,Talnakh,RU,2021-07-30 03:28:53,69.4865,88.3972,57.15,94,100,3.15
319,Tiksi,RU,2021-07-30 03:28:54,71.6872,128.8694,60.26,40,5,3.09
320,Bandarbeyla,SO,2021-07-30 03:28:54,9.4942,50.8122,77.59,72,100,28.07
321,Tonk,IN,2021-07-30 03:28:54,26.1667,75.7833,83.91,74,85,15.84
322,Zhangjiakou,CN,2021-07-30 03:24:23,40.81,114.8794,81.01,54,99,4.52
323,Kodinsk,RU,2021-07-30 03:28:55,58.6881,99.1844,66.9,68,99,5.01
324,Saint-Pierre,RE,2021-07-30 03:28:55,-21.3393,55.4781,69.48,77,40,24.16
325,Kijang,KR,2021-07-30 03:25:07,35.2442,129.2139,91.13,58,96,13.58
326,Sakskobing,DK,2021-07-30 03:28:56,54.7997,11.626,62.98,81,84,25.93
327,Caravelas,BR,2021-07-30 03:28:57,-17.7125,-39.2481,68.79,83,100,15.05
328,Amersham,GB,2021-07-30 03:28:58,51.6667,-0.6167,60.13,92,75,1.99
329,Faya,SA,2021-07-30 03:28:59,18.3851,42.4509,68.11,66,83,3.76
330,Yokadouma,CM,2021-07-30 03:28:59,3.5167,15.05,67.98,98,58,1.74
331,Popondetta,PG,2021-07-30 03:28:59,-8.7537,148.2534,89.28,56,95,6.44
332,Clyde River,CA,2021-07-30 03:29:00,70.4692,-68.5914,37.63,93,1,6.91
333,Olinda,BR,2021-07-30 03:26:17,-8.0089,-34.8553,74.93,78,40,3.44
334,Bilibino,RU,2021-07-30 03:29:00,68.0546,166.4372,43.92,49,62,11.25
335,Tonj,SS,2021-07-30 03:29:00,7.2737,28.6822,70.07,97,100,2.1
336,Provost,CA,2021-07-30 03:29:01,52.3501,-110.2683,71.02,51,90,4.9
337,Cabo San Lucas,MX,2021-07-30 03:26:58,22.8909,-109.9124,86.61,75,3,3.0
338,Yongan,CN,2021-07-30 03:29:01,39.6957,113.6871,79.27,53,10,9.28
339,Bourg-En-Bresse,FR,2021-07-30 03:29:01,46.1667,5.1667,65.5,94,57,1.32
340,Noumea,NC,2021-07-30 03:29:02,-22.2763,166.4572,73.99,99,15,18.03
341,Mount Gambier,AU,2021-07-30 03:29:02,-37.8333,140.7667,57.11,54,90,17.27
342,Oppdal,NO,2021-07-30 03:29:02,62.5943,9.6912,55.8,92,88,5.23
343,Marsh Harbour,BS,2021-07-30 03:29:03,26.5412,-77.0636,83.59,71,7,9.44
344,Amos,CA,2021-07-30 03:29:03,48.5669,-78.1162,52.07,77,100,11.63
345,Dauriya,RU,2021-07-30 03:29:03,49.9333,116.8667,68.92,81,100,12.06
346,Prado,BR,2021-07-30 03:29:04,-17.3411,-39.2208,69.62,86,100,15.08
347,Katsuura,JP,2021-07-30 03:29:04,35.1333,140.3,87.84,79,33,8.16
348,Almaty,KZ,2021-07-30 03:29:04,43.25,76.95,67.91,32,90,6.71
349,Bogalusa,US,2021-07-30 03:29:05,30.791,-89.8487,79.79,89,57,0.0
350,Straseni,MD,2021-07-30 03:29:05,47.1414,28.6103,65.43,99,0,7.2
351,Constitucion,CL,2021-07-30 03:29:06,-35.3333,-72.4167,50.99,76,0,2.77
352,Gazanjyk,TM,2021-07-30 03:29:06,39.2446,55.5154,79.75,53,4,5.79
353,Bac Lieu,VN,2021-07-30 03:29:06,9.285,105.7244,76.39,93,100,18.61
354,La Ronge,CA,2021-07-30 03:29:07,55.1001,-105.2842,68.25,64,75,9.22
355,Santa Lucia,ES,2021-07-30 03:29:07,27.9117,-15.5407,63.77,78,20,25.32
356,Te Anau,NZ,2021-07-30 03:29:07,-45.4167,167.7167,51.69,81,100,0.96
357,Marawi,PH,2021-07-30 03:29:08,7.9986,124.2928,85.55,51,62,4.32
358,Cockburn Town,TC,2021-07-30 03:29:08,21.4612,-71.1419,82.36,74,40,12.66
359,Namuac,PH,2021-07-30 03:29:08,18.6109,121.1657,85.62,72,100,1.77
360,Izvestkovyy,RU,2021-07-30 03:29:09,48.9833,131.55,87.15,45,16,3.22
361,Nha Trang,VN,2021-07-30 03:25:46,12.25,109.1833,96.8,53,64,3.96
362,Xining,CN,2021-07-30 03:29:09,36.6167,101.7667,73.11,32,0,0.63
363,Suzaka,JP,2021-07-30 03:29:09,36.65,138.3167,90.1,74,21,2.68
364,Manadhoo,MV,2021-07-30 03:29:10,5.7667,73.3833,82.54,72,15,8.86
365,Los Llanos De Aridane,ES,2021-07-30 03:29:10,28.6585,-17.9182,67.75,93,90,14.97
366,Port Hedland,AU,2021-07-30 03:29:10,-20.3167,118.5667,80.65,44,40,16.11
367,Madang,PG,2021-07-30 03:29:11,-5.2246,145.7966,85.37,66,74,4.61
368,Nouadhibou,MR,2021-07-30 03:29:11,20.931,-17.0347,67.98,94,73,14.97
369,Ugoofaaru,MV,2021-07-30 03:29:11,5.6667,73.0,82.44,74,27,8.93
370,Man,CI,2021-07-30 03:29:12,7.4125,-7.5538,67.42,94,89,1.99
371,Sechura,PE,2021-07-30 03:29:12,-5.5569,-80.8222,68.27,77,88,14.14
372,Abnub,EG,2021-07-30 03:29:12,27.2696,31.1511,79.02,30,68,3.58
373,Banda Aceh,ID,2021-07-30 03:29:13,5.5577,95.3222,85.24,69,96,11.27
374,Henties Bay,NA,2021-07-30 03:29:13,-22.116,14.2845,60.48,55,0,4.47
375,Severodvinsk,RU,2021-07-30 03:29:13,64.5635,39.8302,50.11,89,100,5.61
376,Nome,US,2021-07-30 03:29:14,64.5011,-165.4064,50.07,87,90,12.66
377,Tevaitoa,PF,2021-07-30 03:29:14,-16.7833,-151.5,78.08,77,55,11.88
378,Solnechnyy,RU,2021-07-30 03:29:14,50.7214,136.6319,67.62,73,69,7.65
379,Bonthe,SL,2021-07-30 03:29:14,7.5264,-12.505,76.78,81,54,5.48
380,Karasjok,NO,2021-07-30 03:29:15,69.4719,25.5112,46.51,84,100,9.13
381,Macusani,PE,2021-07-30 03:29:15,-14.0833,-70.4333,34.27,86,5,4.43
382,Blagodatnoye,RU,2021-07-30 03:29:15,45.3997,42.5867,70.72,48,0,4.16
383,Harper,LR,2021-07-30 03:29:16,4.375,-7.7169,74.86,87,94,4.03
384,Pangnirtung,CA,2021-07-30 03:29:16,66.1451,-65.7125,51.08,72,16,2.95
385,Zhigansk,RU,2021-07-30 03:29:16,66.7697,123.3711,69.75,37,2,4.43
386,Cairns,AU,2021-07-30 03:29:17,-16.9167,145.7667,91.06,71,2,8.05
387,Buchanan,LR,2021-07-30 03:29:17,5.8808,-10.0467,75.78,84,18,5.77
388,Hasaki,JP,2021-07-30 03:29:17,35.7333,140.8333,86.4,75,24,8.88
389,Srednekolymsk,RU,2021-07-30 03:29:18,67.45,153.6833,49.03,50,96,8.99
390,Sokoto,NG,2021-07-30 03:29:18,13.0609,5.239,77.97,75,22,10.6
391,Samarai,PG,2021-07-30 03:29:18,-10.6167,150.6667,79.93,86,48,14.52
392,Glenwood Springs,US,2021-07-30 03:29:19,39.5505,-107.3248,76.8,89,90,1.01
393,Metro,ID,2021-07-30 03:28:53,-5.1131,105.3067,85.87,56,6,5.57
394,Klaksvik,FO,2021-07-30 03:29:19,62.2266,-6.589,49.12,90,100,16.87
395,Show Low,US,2021-07-30 03:28:46,34.2542,-110.0298,67.71,87,75,6.91
396,Syamzha,RU,2021-07-30 03:29:19,60.0158,41.0614,59.16,96,16,5.48
397,Lagoa,PT,2021-07-30 03:29:20,39.05,-27.9833,69.66,91,0,7.81
398,Coahuayana,MX,2021-07-30 03:29:20,18.7333,-103.6833,79.43,86,41,1.77
399,San Esteban,HN,2021-07-30 03:29:20,15.2,-85.75,70.88,97,93,2.48
400,Touros,BR,2021-07-30 03:29:21,-5.1989,-35.4608,74.3,85,38,11.41
401,Skelleftea,SE,2021-07-30 03:29:21,64.7507,20.9528,61.16,94,90,6.91
402,Vila Franca Do Campo,PT,2021-07-30 03:29:22,37.7167,-25.4333,70.21,93,45,5.66
403,Sinnamary,GF,2021-07-30 03:29:22,5.3833,-52.95,77.61,85,5,5.21
404,Sakakah,SA,2021-07-30 03:29:23,29.9697,40.2064,83.77,34,7,6.46
405,Bela,IN,2021-07-30 03:29:23,25.9333,81.9833,81.41,88,100,3.83
406,Wattegama,LK,2021-07-30 03:29:23,6.7989,81.4808,85.12,54,55,3.44
407,Praia Da Vitoria,PT,2021-07-30 03:29:23,38.7333,-27.0667,71.85,94,75,9.28
408,Orange Cove,US,2021-07-30 03:28:31,36.6244,-119.3137,100.06,48,1,3.44
409,Half Moon Bay,US,2021-07-30 03:29:24,37.4636,-122.4286,84.11,79,40,0.0
410,Ust-Kut,RU,2021-07-30 03:29:24,56.7938,105.7672,79.5,44,9,3.96
411,Mizdah,LY,2021-07-30 03:29:25,31.4451,12.9801,70.92,44,0,1.05
412,Oranjemund,NA,2021-07-30 03:29:25,-28.55,16.4333,55.11,56,0,4.92
413,Saldanha,ZA,2021-07-30 03:29:26,-33.0117,17.9442,42.85,83,8,4.14
414,Port Hardy,CA,2021-07-30 03:29:26,50.6996,-127.4199,64.58,82,20,9.22
415,Okha,RU,2021-07-30 03:29:26,53.5739,142.9478,56.93,98,100,16.11
416,Repedea,RO,2021-07-30 03:29:26,47.8333,24.4,61.34,92,0,2.66
417,Asfi,MA,2021-07-30 03:29:27,32.2994,-9.2372,68.76,88,56,17.49
418,Villa Rica,US,2021-07-30 03:29:27,33.7321,-84.9191,82.67,94,8,4.65
419,Margate,GB,2021-07-30 03:29:27,51.3813,1.3862,60.12,88,100,4.0
420,Rio Grande City,US,2021-07-30 03:29:28,26.3798,-98.8203,83.89,59,95,13.0
421,Sangar,RU,2021-07-30 03:29:28,63.9242,127.4739,71.11,30,14,2.44
422,Vestmanna,FO,2021-07-30 03:29:28,62.1564,-7.1664,47.32,100,75,14.97
423,Paamiut,GL,2021-07-30 03:29:29,61.994,-49.6678,43.57,86,100,5.01
424,Laguna De Perlas,NI,2021-07-30 03:29:29,12.3429,-83.6712,77.95,87,77,7.47
425,Pevek,RU,2021-07-30 03:29:29,69.7008,170.3133,32.13,98,100,25.26
426,Jega,NG,2021-07-30 03:29:30,12.2175,4.3792,75.16,86,28,7.87
427,Codajas,BR,2021-07-30 03:29:30,-3.8367,-62.0569,74.14,65,17,2.3
428,Tofield,CA,2021-07-30 03:29:30,53.3668,-112.6686,74.64,36,18,8.39
429,Peterhead,GB,2021-07-30 03:29:31,57.5058,-1.7981,56.71,91,100,13.49
430,Bilma,NE,2021-07-30 03:29:31,18.6853,12.9164,91.83,31,23,6.82
431,Sungaipenuh,ID,2021-07-30 03:29:31,-2.0833,101.3833,76.89,60,100,3.02
432,Nanortalik,GL,2021-07-30 03:29:31,60.1432,-45.2371,46.69,78,100,17.25
433,Mgachi,RU,2021-07-30 03:29:32,51.05,142.2667,65.52,100,100,1.3
434,Porto Novo,BJ,2021-07-30 03:29:32,6.4965,2.6036,76.82,89,22,5.86
435,San Ramon,US,2021-07-30 03:25:50,37.7799,-121.978,88.57,53,1,1.99
436,Vilyuysk,RU,2021-07-30 03:29:33,63.7553,121.6247,76.33,30,45,2.51
437,Barcelona,ES,2021-07-30 03:28:38,41.3888,2.159,75.97,86,20,3.44
438,College,US,2021-07-30 03:29:33,64.8569,-147.8028,70.0,64,75,4.61
439,Vestmannaeyjar,IS,2021-07-30 03:29:33,63.4427,-20.2734,53.29,92,28,13.38
440,Ginda,IN,2021-07-30 03:29:34,30.6945,78.4932,69.91,81,93,2.84
441,Kathmandu,NP,2021-07-30 03:25:35,27.7167,85.3167,75.42,88,75,3.44
442,Yarmouth,US,2021-07-30 03:29:34,41.7057,-70.2286,71.1,81,75,8.01
443,Fukue,JP,2021-07-30 03:29:35,32.6881,128.8419,86.36,70,40,8.05
444,Buala,SB,2021-07-30 03:29:35,-8.145,159.5921,85.26,68,6,7.31
445,Mount Darwin,ZW,2021-07-30 03:29:35,-16.7725,31.5838,47.66,77,53,2.51
446,Mareeba,AU,2021-07-30 03:29:35,-17.0,145.4333,86.43,34,2,7.7
447,Clifton,US,2021-07-30 03:29:36,40.8584,-74.1638,72.82,90,1,4.61
448,San Benito,US,2021-07-30 03:29:36,36.6166,-121.0844,65.5,53,6,7.11
449,Talcahuano,CL,2021-07-30 03:29:37,-36.7167,-73.1167,47.88,93,90,0.0
450,Arman,RU,2021-07-30 03:29:37,59.7,150.1667,60.08,44,2,17.87
451,Penzance,GB,2021-07-30 03:29:37,50.1186,-5.5371,60.01,88,59,38.65
452,Ambulu,ID,2021-07-30 03:29:38,-8.345,113.6058,84.11,61,28,6.11
453,Broome,US,2021-07-30 03:29:38,42.2506,-75.833,68.02,96,20,1.99
454,Namatanai,PG,2021-07-30 03:29:38,-3.6667,152.4333,85.46,68,20,3.38
455,Yerbogachen,RU,2021-07-30 03:29:38,61.2767,108.0108,76.01,32,5,10.69
456,Umtata,ZA,2021-07-30 03:29:39,-31.5889,28.7844,41.56,93,0,2.3
457,Warrnambool,AU,2021-07-30 03:29:39,-38.3833,142.4833,55.81,62,79,27.81
458,Zhanaozen,KZ,2021-07-30 03:29:40,43.3,52.8,77.76,26,88,7.54
459,Ahuimanu,US,2021-07-30 03:29:40,21.4447,-157.8378,87.51,66,40,13.8
460,Hami,CN,2021-07-30 03:29:40,42.8,93.45,97.99,14,2,2.13
461,Inhambane,MZ,2021-07-30 03:29:41,-23.865,35.3833,53.58,100,20,3.44
462,Prudy,RU,2021-07-30 03:29:41,57.5738,46.2718,62.53,92,64,6.6
463,Panguna,PG,2021-07-30 03:29:41,-6.3164,155.4848,80.49,68,64,2.89
464,Port Lincoln,AU,2021-07-30 03:29:41,-34.7333,135.8667,66.18,50,3,19.64
465,Buta,CD,2021-07-30 03:29:42,2.7858,24.73,69.33,89,71,0.38
466,Slave Lake,CA,2021-07-30 03:29:42,55.2834,-114.769,73.38,46,1,5.75
467,Sri Aman,MY,2021-07-30 03:29:42,1.2376,111.4621,80.65,83,40,6.91
468,Kokopo,PG,2021-07-30 03:29:43,-4.352,152.2633,85.23,65,16,4.83
469,Lexington,US,2021-07-30 03:29:28,37.9887,-84.4777,81.95,72,75,8.05
470,Fallon,US,2021-07-30 03:29:43,39.4735,-118.7774,91.18,29,75,20.71
471,Batagay-Alyta,RU,2021-07-30 03:29:43,67.8006,130.4114,67.23,27,10,3.94
472,Meulaboh,ID,2021-07-30 03:29:44,4.1363,96.1285,82.36,72,99,2.3
473,Bajil,YE,2021-07-30 03:29:44,15.0584,43.2851,88.66,57,41,5.37
474,Mucurapo,TT,2021-07-30 03:29:45,10.6667,-61.5333,77.97,84,22,8.23
475,Marienburg,PL,2021-07-30 03:29:45,54.0359,19.0266,58.95,75,3,7.96
476,Yining,CN,2021-07-30 03:29:45,29.0361,114.5636,93.78,54,0,1.36
477,Kaolinovo,BG,2021-07-30 03:29:46,43.6167,27.1167,73.24,54,4,1.88
478,Gigmoto,PH,2021-07-30 03:29:46,13.7796,124.39,88.07,68,100,13.56
479,Williams Lake,CA,2021-07-30 03:29:46,52.1415,-122.1445,81.97,27,20,1.01
480,Teguldet,RU,2021-07-30 03:29:46,57.3064,88.1667,67.6,50,100,3.31
481,Shahrud,IR,2021-07-30 03:29:47,36.4182,54.9763,67.93,63,9,8.28
482,Kalmar,SE,2021-07-30 03:29:47,56.6616,16.3616,61.97,85,61,9.22
483,Lufkin,US,2021-07-30 03:26:13,31.3382,-94.7291,81.84,82,1,4.61
484,Luderitz,NA,2021-07-30 03:29:47,-26.6481,15.1594,64.42,38,0,10.71
485,Poya,NC,2021-07-30 03:29:48,-21.35,165.15,75.97,58,8,11.79
486,Bokhan,RU,2021-07-30 03:29:48,53.153,103.7714,55.11,90,100,10.51
487,Senno,RU,2021-07-30 03:29:48,59.5336,33.9167,60.26,94,46,5.21
488,Mormugao,IN,2021-07-30 03:29:49,15.4,73.8,80.46,81,100,18.32
489,Paracuru,BR,2021-07-30 03:29:49,-3.41,-39.0306,80.62,88,50,9.17
490,Yatou,CN,2021-07-30 03:29:49,37.15,122.3833,80.8,76,93,18.99
491,Rosetta,EG,2021-07-30 03:29:50,31.4044,30.4164,78.62,84,0,8.21
492,Utiel,ES,2021-07-30 03:29:50,39.5667,-1.2,66.22,77,0,3.2
493,Shache,CN,2021-07-30 03:29:50,38.4167,77.2406,89.31,20,100,27.18
494,Hornepayne,CA,2021-07-30 03:29:50,49.2138,-84.7705,47.32,70,11,4.23
495,Kavieng,PG,2021-07-30 03:29:51,-2.5744,150.7967,84.34,69,76,3.15
496,Saint Anthony,US,2021-07-30 03:29:51,45.0205,-93.218,74.66,66,20,1.01
497,Vanavara,RU,2021-07-30 03:29:51,60.34,102.2797,79.38,33,0,8.28
498,Fare,PF,2021-07-30 03:29:52,-16.7,-151.0167,77.59,74,23,4.03
499,Gornopravdinsk,RU,2021-07-30 03:29:52,60.05,69.9,50.25,85,55,7.43
500,Verkhnyaya Toyma,RU,2021-07-30 03:29:52,62.2349,44.9985,58.3,99,100,2.08
501,Linjiang,CN,2021-07-30 03:29:53,41.8069,126.9078,92.8,50,34,1.07
502,Antsohihy,MG,2021-07-30 03:29:53,-14.8796,47.9875,65.8,78,0,5.88
503,Shuangcheng,CN,2021-07-30 03:29:53,45.35,126.2833,82.08,88,100,5.14
504,Nur,PL,2021-07-30 03:29:54,52.6683,22.3221,62.78,65,85,6.17
505,Kontagora,NG,2021-07-30 03:29:54,10.3999,5.4695,71.73,95,100,3.15
506,Otradnoye,RU,2021-07-30 03:29:54,59.7775,30.8181,65.55,85,60,6.46
507,Bossier City,US,2021-07-30 03:29:55,32.516,-93.7321,87.98,76,1,9.22
508,Anloga,GH,2021-07-30 03:29:55,5.7947,0.8973,75.42,87,14,9.06
509,Ranong,TH,2021-07-30 03:29:55,9.9658,98.6348,76.93,90,100,13.0
510,Onega,RU,2021-07-30 03:29:56,63.9061,38.1404,54.72,89,99,7.61
511,Khao Yoi,TH,2021-07-30 03:29:56,13.2403,99.8243,91.42,59,99,8.23
512,Kenora,CA,2021-07-30 03:29:56,49.8167,-94.4337,65.37,52,90,2.3
513,Isiro,CD,2021-07-30 03:29:57,2.7739,27.616,65.68,90,100,1.9
514,Kidal,ML,2021-07-30 03:29:57,18.4411,1.4078,87.66,41,18,5.59
515,Khuzdar,PK,2021-07-30 03:29:57,27.7384,66.6434,85.53,43,37,3.83
516,Itapecerica,BR,2021-07-30 03:29:58,-20.4725,-45.1256,46.53,32,1,5.86
517,Tilichiki,RU,2021-07-30 03:29:58,60.4667,166.1,56.8,47,51,4.88
518,Belaya Gora,RU,2021-07-30 03:29:58,68.5333,146.4167,58.03,38,35,5.08
519,Saint-Georges,GD,2021-07-30 03:29:59,12.0564,-61.7485,80.28,83,20,9.22
520,Gwadar,PK,2021-07-30 03:29:59,25.1216,62.3254,82.42,84,99,6.82
521,Jalu,LY,2021-07-30 03:29:59,29.0331,21.5482,78.08,59,0,8.88
522,Anuradhapura,LK,2021-07-30 03:30:00,8.3565,80.4173,84.51,64,100,14.07
523,Dalton,US,2021-07-30 03:30:00,34.7698,-84.9702,81.97,87,1,0.0
524,Hay River,CA,2021-07-30 03:30:00,60.8156,-115.7999,67.98,60,20,2.3
525,Nsanje,MW,2021-07-30 03:30:00,-16.92,35.262,59.29,87,20,2.91
526,Beisfjord,NO,2021-07-30 03:30:01,68.3751,17.5988,57.04,72,100,4.9
527,Ouadda,CF,2021-07-30 03:30:01,8.0777,22.4007,65.52,97,83,2.95
528,Jadu,LY,2021-07-30 03:30:01,31.953,12.0261,73.67,33,0,7.96
529,Khasan,RU,2021-07-30 03:30:03,42.4308,130.6434,82.11,78,100,9.06
530,Kenai,US,2021-07-30 03:30:05,60.5544,-151.2583,57.02,81,90,12.66
531,Vilhena,BR,2021-07-30 03:30:07,-12.7406,-60.1458,54.48,41,2,4.5
532,Iquique,CL,2021-07-30 03:30:07,-20.2208,-70.1431,59.04,82,79,0.31
533,Palana,RU,2021-07-30 03:30:08,59.1167,159.9667,46.76,72,8,11.3
534,Aykhal,RU,2021-07-30 03:30:08,66.0,111.5,76.32,33,56,7.54
535,Tromso,NO,2021-07-30 03:30:08,69.6496,18.957,50.38,87,40,10.36
536,Coracao De Jesus,BR,2021-07-30 03:30:09,-16.6853,-44.365,61.52,40,0,4.74
537,Cubuk,TR,2021-07-30 03:30:09,40.2386,33.0322,63.77,58,0,3.44
538,Nantucket,US,2021-07-30 03:30:10,41.2835,-70.0995,71.71,86,90,21.85
539,Vao,NC,2021-07-30 03:30:10,-22.6667,167.4833,70.83,75,5,25.08
540,Luba,GQ,2021-07-30 03:30:10,3.4568,8.5547,75.09,85,96,5.88
541,Songkhla,TH,2021-07-30 03:30:11,6.8333,100.6667,82.45,84,100,4.47
542,Motril,ES,2021-07-30 03:30:11,36.7507,-3.5179,79.81,64,23,4.38
543,Lardos,GR,2021-07-30 03:30:11,36.0942,28.0157,82.22,46,0,5.37
544,Altagracia De Orituco,VE,2021-07-30 03:28:00,9.8601,-66.3814,70.2,96,97,1.79
545,Aketi,CD,2021-07-30 03:30:12,2.7388,23.7833,70.23,83,99,0.27
546,Sinop,TR,2021-07-30 03:30:12,41.7711,34.8709,55.83,58,0,3.24
547,Walvis Bay,NA,2021-07-30 03:30:12,-22.9575,14.5053,67.15,24,0,5.75
548,Saraza,PH,2021-07-30 03:30:13,8.7356,117.78,89.65,60,100,13.2
549,Riviere-Au-Renard,CA,2021-07-30 03:30:13,48.9957,-64.3971,60.8,70,100,2.89
550,Ayan,RU,2021-07-30 03:30:13,56.45,138.1667,55.78,74,100,22.26
551,Tatarbunary,UA,2021-07-30 03:30:14,45.8373,29.6142,72.75,71,1,9.19
552,Porechye-Rybnoye,RU,2021-07-30 03:30:14,57.098,39.3835,66.11,79,98,6.38
553,San Cristobal,VE,2021-07-30 03:30:15,7.7669,-72.225,64.17,96,62,4.34
554,Maridi,SS,2021-07-30 03:30:15,4.9158,29.4742,63.84,96,91,3.53
555,Saint George,US,2021-07-30 03:29:56,37.1041,-113.5841,85.62,50,90,15.99
556,Leshukonskoye,RU,2021-07-30 03:30:15,64.8989,45.7622,53.89,66,97,5.79
557,Pratapgarh,IN,2021-07-30 03:30:16,24.0333,74.7833,75.58,91,100,19.66
558,Katobu,ID,2021-07-30 03:30:16,-4.9408,122.5276,87.4,53,35,7.25
559,Grand Gaube,MU,2021-07-30 03:30:16,-20.0064,57.6608,69.39,75,85,8.99
560,Trairi,BR,2021-07-30 03:27:54,-3.2778,-39.2689,77.41,88,40,7.52
561,Alvaraes,BR,2021-07-30 03:30:17,-3.2208,-64.8042,76.55,71,96,2.51
562,Bafia,CM,2021-07-30 03:30:17,4.75,11.2333,67.14,99,100,1.48
563,Cham,DE,2021-07-30 03:27:57,49.245,12.6825,59.29,96,90,0.45
564,Orlik,RU,2021-07-30 03:30:18,52.5178,99.825,52.83,84,100,2.42
565,Savannah Bight,HN,2021-07-30 03:30:18,16.45,-85.85,82.0,79,71,16.17
566,La Palma,US,2021-07-30 03:30:18,33.8464,-118.0467,93.33,71,40,4.0
567,Makasar,ID,2021-07-30 03:30:18,-5.14,119.4221,87.85,51,20,3.44
568,Kaabong,UG,2021-07-30 03:30:19,3.4836,34.1492,61.83,80,70,6.06
569,Koumac,NC,2021-07-30 03:30:19,-20.5667,164.2833,74.53,66,3,11.43
570,Romny,UA,2021-07-30 03:30:19,50.751,33.4747,66.49,94,71,9.04
571,North Myrtle Beach,US,2021-07-30 03:30:20,33.816,-78.68,82.49,85,1,1.01
572,Kathu,TH,2021-07-30 03:30:20,7.9178,98.3332,82.69,81,93,18.41
573,Sambava,MG,2021-07-30 03:30:21,-14.2667,50.1667,69.71,88,80,10.11
